epoch,train_loss,val_loss,val_acc
0,2.299689,0.84375,0.15625
1,2.228258,0.78125,0.21875
