epoch,train_loss,val_loss,val_acc
0,2.303467,0.895833,0.104167
1,2.245628,0.895833,0.104167
2,2.208739,0.895833,0.104167
