epoch,train_loss,val_loss,val_acc
0,2.314624,0.875,0.125
1,2.261267,0.890625,0.109375
