epoch,train_loss,val_loss,val_acc
0,2.30049,0.859375,0.140625
1,2.231156,0.796875,0.203125
