epoch,train_loss,val_loss,val_acc
0,2.716858,0.796875,0.203125
1,2.609444,0.78125,0.21875
