epoch,train_loss,val_loss,val_acc
0,2.74436,0.890625,0.109375
1,2.65637,0.859375,0.140625
