epoch,train_loss,val_loss,val_acc
0,2.297052,0.78125,0.21875
1,2.210184,0.671875,0.328125
