phase_quantization_bits,val_acc,val_loss
4,0.001667,0.958333
6,0.041667,0.958333
8,0.041667,0.958333
