phase_quantization_bits,val_acc,val_loss
4,0.11625,0.84375
6,0.171875,0.828125
8,0.171875,0.828125
