epoch,train_loss,val_loss,val_acc
0,2.742692,0.890625,0.109375
1,2.651239,0.84375,0.15625
