activation,acc,nfom
saturable,0.20833333333333334,0.18353174457514493
thermal,0.10416666666666667,0.08630637041233073
oe_hybrid,0.10416666666666667,0.07694128736447446
microring,0.0,0.0
