activation,acc,nfom
saturable,0.10416666666666667,0.09645061639088935
microring,0.10416666666666667,0.09645061639088935
oe_hybrid,0.10416666666666667,0.09645061639088935
thermal,0.08333333333333333,0.07716049311271148
