epoch,train_loss,val_loss,val_acc
0,2.722797,0.895833,0.104167
1,2.63716,0.895833,0.104167
2,2.591446,0.833333,0.166667
