epoch,train_loss,val_loss,val_acc
0,2.721024,0.78125,0.21875
1,2.590905,0.671875,0.328125
