epoch,train_loss,val_loss,val_acc
0,2.687779,0.78125,0.21875
1,2.540218,0.708333,0.291667
2,2.442803,0.583333,0.416667
