epoch,train_loss,val_loss,val_acc
0,2.750605,0.890625,0.109375
1,2.67603,0.84375,0.15625
