epoch,train_loss,val_loss,val_acc
0,2.725756,0.895833,0.104167
1,2.645793,0.895833,0.104167
2,2.605101,0.84375,0.15625
