epoch,train_loss,val_loss,val_acc
0,2.726998,0.8125,0.1875
1,2.635502,0.78125,0.21875
