epoch,train_loss,val_loss,val_acc
0,2.679877,0.791667,0.208333
1,2.520302,0.677083,0.322917
2,2.413179,0.59375,0.40625
