epoch,train_loss,val_loss,val_acc
0,2.672759,0.78125,0.21875
1,2.487785,0.625,0.375
