taskA_acc,taskB_acc,throughput_efficiency
0.08333333333333333,0.8333333333333334,0.22916666666666666
