crosstalk_weight,taskA_acc,taskB_acc,mean_crosstalk,throughput_efficiency
0.05,0.08333333333333333,0.8333333333333334,0.08140193915862252,0.22713161818770108
0.1,0.08333333333333333,0.8333333333333334,0.08140193915862252,0.22509656970873554
0.2,0.08333333333333333,0.8333333333333334,0.08140193915862252,0.2210264727508044
