taskA_acc,taskB_acc,throughput_efficiency
0.08333333333333333,0.0,0.020833333333333332
