epoch,train_loss,val_loss,val_acc
0,2.721315,0.895833,0.104167
1,2.633592,0.885417,0.114583
2,2.584351,0.84375,0.15625
