epoch,train_loss,val_loss,val_acc
0,2.680229,0.78125,0.21875
1,2.507324,0.703125,0.296875
