epoch,train_loss,val_loss,val_acc
0,2.716843,0.78125,0.21875
1,2.578812,0.625,0.375
