epoch,train_loss,val_loss,val_acc
0,2.68232,0.78125,0.21875
1,2.525252,0.677083,0.322917
2,2.42054,0.583333,0.416667
