epoch,train_loss,val_loss,val_acc
0,2.746881,0.890625,0.109375
1,2.664226,0.875,0.125
