epoch,train_loss,val_loss,val_acc
0,2.277442,0.791667,0.208333
1,2.17362,0.78125,0.21875
2,2.093986,0.75,0.25
