epoch,train_loss,val_loss,val_acc
0,2.742905,0.890625,0.109375
1,2.652065,0.828125,0.171875
