epoch,train_loss,val_loss,val_acc
0,2.300296,0.895833,0.104167
1,2.237282,0.895833,0.104167
2,2.194981,0.875,0.125
