epoch,train_loss,val_loss,val_acc
0,2.306709,0.791667,0.208333
1,2.235103,0.75,0.25
