epoch,train_loss,val_loss,val_acc
0,2.742893,0.890625,0.109375
1,2.652037,0.828125,0.171875
